player_id,player_name,total_minutes,games,mpg
2529122,Chelsea Gray,1797.0,56,32.089285714285715
4065870,Jackie Young,1755.0,56,31.339285714285715
3149391,A'ja Wilson,1679.0,54,31.09259259259259
2987869,Jewell Loyd,1595.0,56,28.482142857142858
4281190,Dana Evans,1018.0,56,18.178571428571427
4398776,NaLyssa Smith,890.0,40,22.25
4597509,Aaliyah Nye,689.0,56,12.303571428571429
4433633,Kierstan Bell,551.0,55,10.018181818181818
